{"cameraMode":{"drawMode":0,"name":"Shaded","section":"Shading Mode"},"sceneLighting":true,"audioPlay":false,"sceneViewState":{"m_AlwaysRefresh":false,"showFog":true,"showSkybox":false,"showFlares":true,"showImageEffects":true,"showParticleSystems":true,"showVisualEffectGraphs":true,"m_FxEnabled":true},"in2DMode":false,"pivot":{"x":710.0228271484375,"y":207.20098876953126,"z":-292.8326416015625},"rotation":{"x":0.04249773174524307,"y":0.13397125899791718,"z":0.0037657811772078277,"w":-0.9908191561698914},"size":1.2247449159622193,"orthographic":false}