{"cameraMode":{"drawMode":0,"name":"Shaded","section":"Shading Mode"},"sceneLighting":false,"audioPlay":false,"sceneViewState":{"m_AlwaysRefresh":false,"showFog":true,"showSkybox":false,"showFlares":true,"showImageEffects":true,"showParticleSystems":true,"showVisualEffectGraphs":true,"m_FxEnabled":true},"in2DMode":false,"pivot":{"x":39.63420867919922,"y":3.5031723976135256,"z":59.52046585083008},"rotation":{"x":-0.14114980399608613,"y":-0.23828786611557008,"z":0.03583207353949547,"w":-0.9623622298240662},"size":27.220796585083009,"orthographic":false}